{
    "P": 5.957879101608852,
    "I": 0.0025,
    "D": 2.602439690761248,
    "step_limit": 0.05,
    "limit": 0.6,
    "i_limit": 0.01,
    "initial_i": 0,
    "FF": 0,
    "angle_deg_type": false
}