{
    "P": 0.5970069615770747,
    "I": 0.0025,
    "D": 3.62284791000334,
    "step_limit": 0.05,
    "limit": 0.6,
    "i_limit": 0.01,
    "initial_i": 0,
    "FF": 0,
    "angle_deg_type": false
}